"fix: TB-6898: Fix the Otel HTTP2 socket manipulation error - V"	https://github.com/DailyFeats/slfus-client-onboard/pull/6670	2024-12-31T20:28:56.000Z	2024-12-31T22:43:29.000Z
"test: TB-6897 - Restore skipped tests - WebLinksUpload"	https://github.com/DailyFeats/slfus-client-onboard/pull/6659	2024-12-26T19:55:05.000Z	2024-12-31T18:59:54.000Z
"test: Rename FormInputNumber files"	https://github.com/DailyFeats/slfus-client-onboard/pull/6666	2024-12-30T09:51:44.000Z	2024-12-31T18:42:46.000Z
"fix: TB-6898: Fix the Otel HTTP2 socket manipulation error - IV"	https://github.com/DailyFeats/slfus-client-onboard/pull/6669	2024-12-31T17:33:37.000Z	2024-12-31T18:24:17.000Z
"fix: TB-6898: Fix the Otel HTTP2 socket manipulation error - III"	https://github.com/DailyFeats/slfus-client-onboard/pull/6667	2024-12-30T14:47:41.000Z	2024-12-30T15:46:10.000Z
"test: TB-6897 - Restore skipped tests - Billing Preferences"	https://github.com/DailyFeats/slfus-client-onboard/pull/6662	2024-12-27T15:32:39.000Z	2024-12-30T15:29:23.000Z
"fix: TB-6898: Fix the Otel HTTP2 socket manipulation error - II"	https://github.com/DailyFeats/slfus-client-onboard/pull/6664	2024-12-27T20:24:20.000Z	2024-12-27T21:01:00.000Z
"fix: TB-6898: Fix the Otel HTTP2 socket manipulation error"	https://github.com/DailyFeats/slfus-client-onboard/pull/6663	2024-12-27T17:01:44.000Z	2024-12-27T18:02:32.000Z
"test: TB-6897 - Restore skipped tests - ClientsList"	https://github.com/DailyFeats/slfus-client-onboard/pull/6661	2024-12-27T15:03:22.000Z	2024-12-27T17:20:39.000Z
"feat: TB-6882: Compass: Jira Field When Supp Health benefits billed in Advance"	https://github.com/DailyFeats/slfus-client-onboard/pull/6660	2024-12-26T21:07:21.000Z	2024-12-27T14:38:20.000Z
"feat: TB-6820 -  Remove variables.less"	https://github.com/DailyFeats/slfus-client-onboard/pull/6658	2024-12-26T19:48:47.000Z	2024-12-26T22:15:34.000Z
"test: TB-6897 - Restore skipped tests - EIFSubsidiaries"	https://github.com/DailyFeats/slfus-client-onboard/pull/6657	2024-12-26T13:37:01.000Z	2024-12-26T18:17:27.000Z
"feat: TB-6820 - ðŸŽ‰ðŸ”¥ Uninstall antd v4"	https://github.com/DailyFeats/slfus-client-onboard/pull/6656	2024-12-24T20:30:11.000Z	2024-12-26T16:39:16.000Z
"feat: TB-6895 - Upgrade antd's Dropdown"	https://github.com/DailyFeats/slfus-client-onboard/pull/6647	2024-12-23T16:43:27.000Z	2024-12-24T21:04:08.000Z
"feat: TB-6896 - Replace InternalLinkButton (BenEx)"	https://github.com/DailyFeats/slfus-client-onboard/pull/6654	2024-12-24T14:50:39.000Z	2024-12-24T17:17:41.000Z
"fix: TB-6879: Adding/Removing Coverages: Update Company Info Incomplete alert"	https://github.com/DailyFeats/slfus-client-onboard/pull/6653	2024-12-24T14:45:17.000Z	2024-12-24T16:46:50.000Z
"feat: TB-6896 - Replace InternalLinkButton (Onboard)"	https://github.com/DailyFeats/slfus-client-onboard/pull/6652	2024-12-24T13:15:31.000Z	2024-12-24T15:07:39.000Z
"feat: TB-6820 - Update other antd imports"	https://github.com/DailyFeats/slfus-client-onboard/pull/6651	2024-12-24T13:02:49.000Z	2024-12-24T13:57:41.000Z
"feat: TB-6820 - Update useBreakpoint imports"	https://github.com/DailyFeats/slfus-client-onboard/pull/6649	2024-12-23T21:34:36.000Z	2024-12-24T13:12:35.000Z
"feat: TB-6860: Compass: Push Successful Email"	https://github.com/DailyFeats/slfus-client-onboard/pull/6648	2024-12-23T18:25:42.000Z	2024-12-23T23:45:13.000Z
"feat: TB-6820 - Update LabeledValue imports"	https://github.com/DailyFeats/slfus-client-onboard/pull/6650	2024-12-23T22:20:19.000Z	2024-12-23T23:26:28.000Z
"feat: TB-6848 - Popover leftovers (part 2)"	https://github.com/DailyFeats/slfus-client-onboard/pull/6645	2024-12-20T21:41:55.000Z	2024-12-23T21:16:16.000Z
"feat: TB-6848 - Popover leftovers (part 1)"	https://github.com/DailyFeats/slfus-client-onboard/pull/6644	2024-12-20T16:20:16.000Z	2024-12-23T16:09:01.000Z
"chore: Remove CSS's font-smooth"	https://github.com/DailyFeats/slfus-client-onboard/pull/6639	2024-12-19T21:36:46.000Z	2024-12-23T15:51:14.000Z
"fix: TB-6851 - Fix Upload.tsx browse button"	https://github.com/DailyFeats/slfus-client-onboard/pull/6646	2024-12-23T14:07:44.000Z	2024-12-23T15:11:35.000Z
"feat: TB-6846 - Upgrade antd's Select"	https://github.com/DailyFeats/slfus-client-onboard/pull/6637	2024-12-19T19:13:18.000Z	2024-12-23T14:02:36.000Z
"fix: TB-6892 - Fix switch from LIST to SELF bill"	https://github.com/DailyFeats/slfus-client-onboard/pull/6638	2024-12-19T19:34:44.000Z	2024-12-20T15:46:51.000Z
"fix: TB-6841 - Missed InputRef imports"	https://github.com/DailyFeats/slfus-client-onboard/pull/6642	2024-12-20T11:59:48.000Z	2024-12-20T15:23:31.000Z
"feat: TB-6844 - Upgrade antd's Skeleton"	https://github.com/DailyFeats/slfus-client-onboard/pull/6640	2024-12-20T11:50:16.000Z	2024-12-20T15:05:54.000Z
"feat: TB-6840 - Upgrade StarRate"	https://github.com/DailyFeats/slfus-client-onboard/pull/6643	2024-12-20T12:03:50.000Z	2024-12-20T14:41:05.000Z
"fix: TB-6850 - Missed MenuProps imports"	https://github.com/DailyFeats/slfus-client-onboard/pull/6641	2024-12-20T11:57:28.000Z	2024-12-20T14:18:34.000Z
"feat: TB-6843 - Upgrade antd's Table"	https://github.com/DailyFeats/slfus-client-onboard/pull/6635	2024-12-19T16:01:56.000Z	2024-12-19T20:29:49.000Z
"chore: TB-6891: Investigate "Not auth related cookie found in authCascade middleware""	https://github.com/DailyFeats/slfus-client-onboard/pull/6636	2024-12-19T19:04:22.000Z	2024-12-19T20:03:51.000Z
"test: TB-6843 - Add and centralize Table storybooks"	https://github.com/DailyFeats/slfus-client-onboard/pull/6633	2024-12-19T12:26:27.000Z	2024-12-19T15:55:26.000Z
"chore: Fix compile time checks for LESS module files"	https://github.com/DailyFeats/slfus-client-onboard/pull/6634	2024-12-19T15:00:46.000Z	2024-12-19T15:38:34.000Z
"feat: TB-6852 - Upgrade antd's message"	https://github.com/DailyFeats/slfus-client-onboard/pull/6628	2024-12-18T09:24:25.000Z	2024-12-19T13:54:42.000Z
"fix: TB-6890 - do not log error for invalid access token in logout"	https://github.com/DailyFeats/slfus-client-onboard/pull/6632	2024-12-18T19:29:10.000Z	2024-12-18T20:41:24.000Z
"feat: TB-6851 - Upgrade antd's Upload"	https://github.com/DailyFeats/slfus-client-onboard/pull/6631	2024-12-18T17:13:54.000Z	2024-12-18T20:07:35.000Z
"fix: TB-6811 - fix typos"	https://github.com/DailyFeats/slfus-client-onboard/pull/6623	2024-12-17T15:53:35.000Z	2024-12-18T19:38:17.000Z
"feat: TB-6842 - Upgrade antd's InputNumber"	https://github.com/DailyFeats/slfus-client-onboard/pull/6622	2024-12-17T10:01:51.000Z	2024-12-18T15:46:25.000Z
"feat: Custom favicon for Storybook"	https://github.com/DailyFeats/slfus-client-onboard/pull/6629	2024-12-18T10:20:22.000Z	2024-12-18T15:28:39.000Z
"feat: TB-6850 - Upgrade antd's Menu"	https://github.com/DailyFeats/slfus-client-onboard/pull/6630	2024-12-18T11:32:12.000Z	2024-12-18T15:11:08.000Z
"chore: TB-6871: Remove ONBOARD_API_PFML"	https://github.com/DailyFeats/slfus-client-onboard/pull/6624	2024-12-17T18:14:59.000Z	2024-12-18T14:53:28.000Z
"fix: TB-6794: Hide Sync Errors for Live and Risk Rejected Clients"	https://github.com/DailyFeats/slfus-client-onboard/pull/6605	2024-12-11T18:09:07.000Z	2024-12-18T14:35:52.000Z
"feat: TB-6841 - Upgrade antd's Input"	https://github.com/DailyFeats/slfus-client-onboard/pull/6620	2024-12-16T21:35:35.000Z	2024-12-17T21:58:34.000Z
"fix: TB-6866: Allow users to press Sign In, even when there are validation errors"	https://github.com/DailyFeats/slfus-client-onboard/pull/6625	2024-12-17T18:52:48.000Z	2024-12-17T21:34:30.000Z
"feat: TB-6833: Compass: Silent to Push to Compass"	https://github.com/DailyFeats/slfus-client-onboard/pull/6619	2024-12-16T16:41:37.000Z	2024-12-17T21:16:42.000Z
"fix: TB-6681 - only log Jira field validation errors once"	https://github.com/DailyFeats/slfus-client-onboard/pull/6627	2024-12-17T19:56:15.000Z	2024-12-17T21:00:06.000Z
"fix: TB-6880 - Form recipient modals - fix RBAC error"	https://github.com/DailyFeats/slfus-client-onboard/pull/6626	2024-12-17T18:54:57.000Z	2024-12-17T20:43:08.000Z
"fix: TB-6790 - remove width for Imp Type column"	https://github.com/DailyFeats/slfus-client-onboard/pull/6621	2024-12-16T22:21:50.000Z	2024-12-17T14:46:20.000Z
"feat: TB-6845 - Replace antd's DatePicker"	https://github.com/DailyFeats/slfus-client-onboard/pull/6617	2024-12-16T10:30:31.000Z	2024-12-16T22:20:31.000Z
"feat: TB-6847 - Replace antd's Autocomplete"	https://github.com/DailyFeats/slfus-client-onboard/pull/6618	2024-12-16T16:06:44.000Z	2024-12-16T17:28:24.000Z
"chore: Bump express and path-to-regexp"	https://github.com/DailyFeats/slfus-client-onboard/pull/6616	2024-12-16T09:10:39.000Z	2024-12-16T15:48:56.000Z
"chore: TB-6812 - upgrade storybook to latest stable"	https://github.com/DailyFeats/slfus-client-onboard/pull/6613	2024-12-13T19:10:31.000Z	2024-12-16T15:18:17.000Z
"test: TB-6840 - StarRate storybook"	https://github.com/DailyFeats/slfus-client-onboard/pull/6614	2024-12-16T09:03:52.000Z	2024-12-16T14:04:55.000Z
"chore: Bump nanoid to v3.3.8"	https://github.com/DailyFeats/slfus-client-onboard/pull/6615	2024-12-16T09:08:02.000Z	2024-12-16T13:46:50.000Z
"feat: TB-6849 - Replace antd's Tooltip"	https://github.com/DailyFeats/slfus-client-onboard/pull/6612	2024-12-13T19:02:40.000Z	2024-12-16T10:35:45.000Z
"fix: TB-6811 - drawer, badge error labels"	https://github.com/DailyFeats/slfus-client-onboard/pull/6610	2024-12-13T14:39:02.000Z	2024-12-13T22:01:23.000Z
"fix: TB-6864: QPS Events: Handle `DECLINED_TO_QUOTE` event type"	https://github.com/DailyFeats/slfus-client-onboard/pull/6611	2024-12-13T15:32:38.000Z	2024-12-13T16:44:10.000Z
"feat: TB-6848 - Replace antd's Popover"	https://github.com/DailyFeats/slfus-client-onboard/pull/6608	2024-12-12T18:13:22.000Z	2024-12-13T15:37:14.000Z
"feat: TB-6817 - Segment server metrics for undo ic edits"	https://github.com/DailyFeats/slfus-client-onboard/pull/6609	2024-12-12T20:24:12.000Z	2024-12-12T21:38:32.000Z
"feat: TB-6839 - Replace antd's Modal"	https://github.com/DailyFeats/slfus-client-onboard/pull/6594	2024-12-10T15:52:00.000Z	2024-12-12T17:36:30.000Z
"chore: TB-6859 - Upgrade to React 18.3.1"	https://github.com/DailyFeats/slfus-client-onboard/pull/6589	2024-12-09T19:58:04.000Z	2024-12-12T16:57:46.000Z
"feat: TB-6828 - Undo IC Edits - Contact Locations"	https://github.com/DailyFeats/slfus-client-onboard/pull/6603	2024-12-11T15:00:51.000Z	2024-12-12T15:26:30.000Z
"chore: Uninstall @axe-core/react"	https://github.com/DailyFeats/slfus-client-onboard/pull/6607	2024-12-12T08:07:43.000Z	2024-12-12T14:55:01.000Z
"feat: TB-6839 - Add ariatitle prop to Modal"	https://github.com/DailyFeats/slfus-client-onboard/pull/6606	2024-12-12T06:33:09.000Z	2024-12-12T07:01:17.000Z
"fix: TB-6800 - ASO Dental contributions verbiage"	https://github.com/DailyFeats/slfus-client-onboard/pull/6595	2024-12-10T16:33:09.000Z	2024-12-11T20:49:28.000Z
"fix: TB-6862 - make radio group name unique for age rules"	https://github.com/DailyFeats/slfus-client-onboard/pull/6604	2024-12-11T15:35:50.000Z	2024-12-11T16:47:15.000Z
"fix: TB-6834 - SlobDrawer: prevent body scroll"	https://github.com/DailyFeats/slfus-client-onboard/pull/6601	2024-12-11T05:25:15.000Z	2024-12-11T16:01:27.000Z
"feat: TB-6839 - Modal: remove destroyOnClose"	https://github.com/DailyFeats/slfus-client-onboard/pull/6602	2024-12-11T07:25:18.000Z	2024-12-11T15:33:42.000Z
"chore: TB-6836: Remove ONBOARD_API_SUPPHEALTH"	https://github.com/DailyFeats/slfus-client-onboard/pull/6598	2024-12-10T18:39:02.000Z	2024-12-10T21:55:31.000Z
"feat: TB-6816 - Undo IC Edits - statutory and pfml preferences"	https://github.com/DailyFeats/slfus-client-onboard/pull/6600	2024-12-10T20:01:58.000Z	2024-12-10T20:49:32.000Z
"feat: TB-6839 - Remove Modal's closable prop"	https://github.com/DailyFeats/slfus-client-onboard/pull/6599	2024-12-10T18:53:14.000Z	2024-12-10T19:31:52.000Z
"feat: TB-6837 - Undo IC Edits - simplify for updates only"	https://github.com/DailyFeats/slfus-client-onboard/pull/6597	2024-12-10T16:58:08.000Z	2024-12-10T19:15:26.000Z
"fix: TB-6779: Add env to manifest"	https://github.com/DailyFeats/slfus-client-onboard/pull/6596	2024-12-10T16:39:34.000Z	2024-12-10T18:57:55.000Z
"chore: TB-6838: Remove ONBOARD_QPS_MULTI_SELECT_ADMIN_CLASS"	https://github.com/DailyFeats/slfus-client-onboard/pull/6592	2024-12-10T14:25:55.000Z	2024-12-10T17:37:50.000Z
"feat: TB-6815 - Undo IC Edits: FLI preferences"	https://github.com/DailyFeats/slfus-client-onboard/pull/6593	2024-12-10T15:45:11.000Z	2024-12-10T17:14:47.000Z
"feat: TB-6839 - Use our own Modal instead of antd"	https://github.com/DailyFeats/slfus-client-onboard/pull/6591	2024-12-10T04:33:55.000Z	2024-12-10T15:44:56.000Z
"fix: TB-6779: Log transactions inside another "	https://github.com/DailyFeats/slfus-client-onboard/pull/6588	2024-12-09T18:59:41.000Z	2024-12-10T15:26:58.000Z
"chore: Upgrade @ant-design/icons"	https://github.com/DailyFeats/slfus-client-onboard/pull/6590	2024-12-09T23:00:23.000Z	2024-12-10T15:07:00.000Z
"feat: TB-6831 - Replace antd's Radio"	https://github.com/DailyFeats/slfus-client-onboard/pull/6573	2024-12-03T18:39:56.000Z	2024-12-09T23:20:48.000Z
"feat: TB-6814 - Undo IC Edits: Eligibility Groups (class builder)"	https://github.com/DailyFeats/slfus-client-onboard/pull/6580	2024-12-04T20:02:34.000Z	2024-12-09T20:14:22.000Z
"ci: Fix lint after testing-library upgrade"	https://github.com/DailyFeats/slfus-client-onboard/pull/6587	2024-12-09T16:47:52.000Z	2024-12-09T17:32:07.000Z
"feat: TB-6834 - Replace antd's Drawer"	https://github.com/DailyFeats/slfus-client-onboard/pull/6581	2024-12-05T15:07:32.000Z	2024-12-06T20:34:24.000Z
"chore: Upgrade @testing-library/*"	https://github.com/DailyFeats/slfus-client-onboard/pull/6584	2024-12-06T15:06:50.000Z	2024-12-06T15:33:03.000Z
"feat: TB-6831 - Radio: remove contentSpacing"	https://github.com/DailyFeats/slfus-client-onboard/pull/6582	2024-12-05T19:39:07.000Z	2024-12-05T21:58:23.000Z
"feat: TB-6831 - Radio: remove fullWidth prop"	https://github.com/DailyFeats/slfus-client-onboard/pull/6579	2024-12-04T17:59:18.000Z	2024-12-05T18:58:00.000Z
"refactor: TB-6831 - Replace antd's RadioChangeEvent and RadioGroupProps"	https://github.com/DailyFeats/slfus-client-onboard/pull/6576	2024-12-04T12:34:26.000Z	2024-12-04T22:34:58.000Z
"fix: TB-6799 - compass allow arrears bills"	https://github.com/DailyFeats/slfus-client-onboard/pull/6578	2024-12-04T15:14:52.000Z	2024-12-04T22:17:36.000Z
"feat: TB-6813 - Undo IC Edits - Plan Administrators"	https://github.com/DailyFeats/slfus-client-onboard/pull/6575	2024-12-03T20:04:41.000Z	2024-12-04T18:39:25.000Z
"feat: TB-6827 - Replace antd's Card"	https://github.com/DailyFeats/slfus-client-onboard/pull/6571	2024-12-03T13:21:20.000Z	2024-12-03T20:38:17.000Z
"feat: TB-6826 - Replace antd's Form"	https://github.com/DailyFeats/slfus-client-onboard/pull/6570	2024-12-03T11:17:21.000Z	2024-12-03T20:20:07.000Z
"feat: TB-6824 - Replace antd's Button"	https://github.com/DailyFeats/slfus-client-onboard/pull/6568	2024-12-03T10:11:34.000Z	2024-12-03T19:13:46.000Z
"refactor: TB-6831 - Move Radio styles to its own sheet"	https://github.com/DailyFeats/slfus-client-onboard/pull/6572	2024-12-03T16:35:36.000Z	2024-12-03T17:05:43.000Z
"feat: TB-6825 - Replace antd's Image"	https://github.com/DailyFeats/slfus-client-onboard/pull/6569	2024-12-03T11:00:21.000Z	2024-12-03T14:23:57.000Z
"chore: Undo IC Edits - standardize relevant keys"	https://github.com/DailyFeats/slfus-client-onboard/pull/6567	2024-12-02T20:58:31.000Z	2024-12-03T10:32:07.000Z
"feat: TB-6823 - Replace antd's Divider component"	https://github.com/DailyFeats/slfus-client-onboard/pull/6566	2024-12-02T18:59:14.000Z	2024-12-02T21:37:45.000Z
"fix: TB-6778: Prisma middleware for soft-deletes does not include `findFirstOrThrow` function"	https://github.com/DailyFeats/slfus-client-onboard/pull/6560	2024-11-28T15:15:48.000Z	2024-12-02T19:17:40.000Z
"test: PX-3096 - Comment failing storybook stories (part 2)"	https://github.com/DailyFeats/slfus-client-onboard/pull/6565	2024-12-02T16:32:07.000Z	2024-12-02T18:05:21.000Z
"feat: TB-6821 - Replace antd's Typography component"	https://github.com/DailyFeats/slfus-client-onboard/pull/6563	2024-12-02T12:25:17.000Z	2024-12-02T16:54:43.000Z
"feat: TB-6822 - Replace antd's Col,Row components"	https://github.com/DailyFeats/slfus-client-onboard/pull/6564	2024-12-02T12:27:37.000Z	2024-12-02T16:36:19.000Z
"test: PX-3096 - Comment failing storybook stories"	https://github.com/DailyFeats/slfus-client-onboard/pull/6562	2024-12-02T10:54:53.000Z	2024-12-02T15:17:06.000Z
"fix: TB-6810: Add Wiki link to Add/Removing Coverages Alert Part 2"	https://github.com/DailyFeats/slfus-client-onboard/pull/6561	2024-11-28T17:27:05.000Z	2024-12-02T14:59:47.000Z
"fix: TB-6818 - Add/Sync Client - Show specific error message when Policy Number is blank or has letters"	https://github.com/DailyFeats/slfus-client-onboard/pull/6558	2024-11-27T19:24:16.000Z	2024-11-27T22:01:05.000Z
"chore: TB-6796 - Reduce error log noise - email"	https://github.com/DailyFeats/slfus-client-onboard/pull/6557	2024-11-27T18:50:44.000Z	2024-11-27T20:45:54.000Z
"fix: TB-6332 - Socket disable polling + finite reconnection attempts"	https://github.com/DailyFeats/slfus-client-onboard/pull/6559	2024-11-27T19:33:31.000Z	2024-11-27T20:29:11.000Z
"feat: TB-6726 - Undo IC edits Previous Coverage Info"	https://github.com/DailyFeats/slfus-client-onboard/pull/6548	2024-11-26T20:58:48.000Z	2024-11-27T20:10:35.000Z
"feat: TB-6774 - Contributions for NJ TDB"	https://github.com/DailyFeats/slfus-client-onboard/pull/6551	2024-11-26T21:58:00.000Z	2024-11-27T19:37:21.000Z
"feat: Improve manual sync error message"	https://github.com/DailyFeats/slfus-client-onboard/pull/6556	2024-11-27T18:07:03.000Z	2024-11-27T19:20:26.000Z
"fix: TB-6580 -  Duplicate email filter fixes (part 10)"	https://github.com/DailyFeats/slfus-client-onboard/pull/6554	2024-11-27T17:45:54.000Z	2024-11-27T19:02:58.000Z
"fix: TB-6783: Add employeeClassPlan when slfCoverage is added (if client doesn't need employee classes)"	https://github.com/DailyFeats/slfus-client-onboard/pull/6549	2024-11-26T21:01:03.000Z	2024-11-27T18:44:22.000Z
"fix: TB-6332 - Socket enablement condition fix"	https://github.com/DailyFeats/slfus-client-onboard/pull/6555	2024-11-27T17:53:31.000Z	2024-11-27T18:27:15.000Z
"test: TB-6775 - Undo IC Edits - Malpractice Reimbursements"	https://github.com/DailyFeats/slfus-client-onboard/pull/6550	2024-11-26T21:10:41.000Z	2024-11-27T16:32:58.000Z
"feat: TB-6772 - client support structure"	https://github.com/DailyFeats/slfus-client-onboard/pull/6544	2024-11-25T15:12:47.000Z	2024-11-27T15:39:18.000Z
"fix: TB-6796 - Reduce error log noise"	https://github.com/DailyFeats/slfus-client-onboard/pull/6553	2024-11-27T11:41:29.000Z	2024-11-27T13:48:41.000Z
"fix: TB-6804 - Use IC as syncedByUser on webhook sync"	https://github.com/DailyFeats/slfus-client-onboard/pull/6547	2024-11-26T19:08:47.000Z	2024-11-26T19:54:24.000Z
"fix: TB-6776 - Reduce work in syncClient transaction"	https://github.com/DailyFeats/slfus-client-onboard/pull/6546	2024-11-26T10:01:26.000Z	2024-11-26T17:11:51.000Z
"chore: Update Prisma v5.22.0"	https://github.com/DailyFeats/slfus-client-onboard/pull/6545	2024-11-26T09:37:19.000Z	2024-11-26T14:12:33.000Z
"fix: TB-6767: QPS CI - Additional Covered Member error"	https://github.com/DailyFeats/slfus-client-onboard/pull/6486	2024-11-04T17:40:04.000Z	2024-11-25T19:19:47.000Z
"feat: TB-6756 - undo IC edits - claims check mailing locations"	https://github.com/DailyFeats/slfus-client-onboard/pull/6543	2024-11-22T21:00:51.000Z	2024-11-25T16:13:56.000Z
"fix: TB-6805: Handle multiple policies for the Dental Start Flyer"	https://github.com/DailyFeats/slfus-client-onboard/pull/6541	2024-11-21T21:52:21.000Z	2024-11-25T14:49:43.000Z
"feat: TB-6757 - Undo IC Edit - Monthly Claims Reports and EOBs"	https://github.com/DailyFeats/slfus-client-onboard/pull/6539	2024-11-21T18:50:10.000Z	2024-11-22T19:43:29.000Z
"fix: PX-3150: Benefits Explorer - Unable to see uploaded document in dropdown"	https://github.com/DailyFeats/slfus-client-onboard/pull/6542	2024-11-21T22:22:22.000Z	2024-11-22T15:14:08.000Z
"fix: TB-6580 -Allow ENROLLMENT_RESOURCES_REQUESTED live"	https://github.com/DailyFeats/slfus-client-onboard/pull/6540	2024-11-21T21:07:20.000Z	2024-11-21T23:01:13.000Z
"refactor: Error logging"	https://github.com/DailyFeats/slfus-client-onboard/pull/6538	2024-11-21T18:28:21.000Z	2024-11-21T19:55:08.000Z
"fix: TB-6806: Add docusign recipient Id to the Reassign form email vars"	https://github.com/DailyFeats/slfus-client-onboard/pull/6537	2024-11-21T15:11:30.000Z	2024-11-21T16:18:53.000Z
"chore: Bump cross-spawn"	https://github.com/DailyFeats/slfus-client-onboard/pull/6536	2024-11-21T14:19:43.000Z	2024-11-21T14:47:10.000Z
"fix: TB-6777 - remove editMsg from every subsidiary when editing one"	https://github.com/DailyFeats/slfus-client-onboard/pull/6534	2024-11-20T19:49:13.000Z	2024-11-20T21:26:42.000Z
"feat: TB-6776 - Undo IC Edit - Billing Preferences (part 3)"	https://github.com/DailyFeats/slfus-client-onboard/pull/6535	2024-11-20T19:52:42.000Z	2024-11-20T20:38:45.000Z
"feat: TB-6770 - Centralize SNS code (part 6)"	https://github.com/DailyFeats/slfus-client-onboard/pull/6506	2024-11-11T18:23:48.000Z	2024-11-20T20:20:41.000Z
"feat: TB-6776 - Undo IC Edit - Billing Preferences (part 2)"	https://github.com/DailyFeats/slfus-client-onboard/pull/6529	2024-11-18T20:33:10.000Z	2024-11-20T16:31:41.000Z
"fix: TB-6792 - adds correct wiki link"	https://github.com/DailyFeats/slfus-client-onboard/pull/6532	2024-11-19T17:13:18.000Z	2024-11-20T16:15:31.000Z
"feat: TB-6782: Migrate APM from Datadog to Grafana VI (custom attributes)"	https://github.com/DailyFeats/slfus-client-onboard/pull/6533	2024-11-19T17:14:24.000Z	2024-11-19T19:34:03.000Z
"feat: TB-6793 - sync with Jira after undo ic edits"	https://github.com/DailyFeats/slfus-client-onboard/pull/6527	2024-11-18T18:18:03.000Z	2024-11-19T19:12:06.000Z
"feat: TB-6753 - Compass API - Reject Unauthorized env var"	https://github.com/DailyFeats/slfus-client-onboard/pull/6530	2024-11-19T13:54:22.000Z	2024-11-19T15:34:38.000Z
"feat: PX-3053 Benefits Explorer - Non Sun Life Client Disclaimer updates"	https://github.com/DailyFeats/slfus-client-onboard/pull/6528	2024-11-18T19:15:15.000Z	2024-11-18T22:18:15.000Z
"feat: TB-6776 - Undo IC Edit - Billing Preferences (part 1)"	https://github.com/DailyFeats/slfus-client-onboard/pull/6526	2024-11-18T14:31:39.000Z	2024-11-18T20:18:28.000Z
"fix: TB-6797 - make sure all of remove coverages ic edit behind FT"	https://github.com/DailyFeats/slfus-client-onboard/pull/6522	2024-11-15T19:52:46.000Z	2024-11-15T21:52:05.000Z
"feat: TB-6782: Migrate APM from Datadog to Grafana V (cleanup)"	https://github.com/DailyFeats/slfus-client-onboard/pull/6525	2024-11-15T20:52:28.000Z	2024-11-15T21:33:26.000Z
"chore: README update"	https://github.com/DailyFeats/slfus-client-onboard/pull/6524	2024-11-15T20:43:23.000Z	2024-11-15T21:15:21.000Z
"feat: TB-6782: Migrate APM from Datadog to Grafana IV"	https://github.com/DailyFeats/slfus-client-onboard/pull/6523	2024-11-15T20:06:51.000Z	2024-11-15T20:30:56.000Z
"fix: TB-6782: Migrate APM from Datadog to Grafana III"	https://github.com/DailyFeats/slfus-client-onboard/pull/6521	2024-11-15T17:44:33.000Z	2024-11-15T18:56:46.000Z
"fix: OBB-208: Show Value Added Services in More Scenarios"	https://github.com/DailyFeats/slfus-client-onboard/pull/6509	2024-11-12T20:16:40.000Z	2024-11-15T18:05:49.000Z
"feat: FLAMP-3788 bug fix ERISA plan number length"	https://github.com/DailyFeats/slfus-client-onboard/pull/6520	2024-11-15T15:11:54.000Z	2024-11-15T16:30:33.000Z
"fix: TB-6773 - do not send form signed email for live or risk rejected"	https://github.com/DailyFeats/slfus-client-onboard/pull/6519	2024-11-14T21:10:04.000Z	2024-11-15T15:23:55.000Z
"feat: PX-3095: Make BenEx custom theme color text lighter"	https://github.com/DailyFeats/slfus-client-onboard/pull/6518	2024-11-14T18:58:01.000Z	2024-11-14T19:24:00.000Z
"feat: FLAMP-3788 improved ERISA import"	https://github.com/DailyFeats/slfus-client-onboard/pull/6513	2024-11-13T12:06:02.000Z	2024-11-14T18:10:29.000Z
"feat: TB-6782: Migrate APM from Datadog to Grafana"	https://github.com/DailyFeats/slfus-client-onboard/pull/6517	2024-11-14T15:51:05.000Z	2024-11-14T16:33:00.000Z
"fix: TB-6787 - update tasks on IC edit undo"	https://github.com/DailyFeats/slfus-client-onboard/pull/6515	2024-11-13T20:06:22.000Z	2024-11-14T15:15:14.000Z
"feat: TB-6782: Migrate APM from Datadog to Grafana"	https://github.com/DailyFeats/slfus-client-onboard/pull/6516	2024-11-13T20:30:19.000Z	2024-11-14T14:13:47.000Z
"fix: TB-6786 - Unsend ic edits notification after undo'ing ic edits"	https://github.com/DailyFeats/slfus-client-onboard/pull/6514	2024-11-13T18:28:53.000Z	2024-11-13T19:11:25.000Z
"fix: TB-6784 - IC Edit for Bill Locations"	https://github.com/DailyFeats/slfus-client-onboard/pull/6507	2024-11-12T14:16:27.000Z	2024-11-13T17:32:38.000Z
"feat: PX-3095: Update BenEx custom theme colors"	https://github.com/DailyFeats/slfus-client-onboard/pull/6511	2024-11-12T21:01:17.000Z	2024-11-13T16:13:54.000Z
"fix: TB-6785: Error trying to update email attribute for not recipient email triggered by activity"	https://github.com/DailyFeats/slfus-client-onboard/pull/6508	2024-11-12T19:36:15.000Z	2024-11-13T14:54:05.000Z
"chore: TB-6780 - Reduce noise in logs for change log"	https://github.com/DailyFeats/slfus-client-onboard/pull/6512	2024-11-12T21:46:03.000Z	2024-11-12T22:40:12.000Z
"chore: TB-6766 - Reducing more error log noise"	https://github.com/DailyFeats/slfus-client-onboard/pull/6510	2024-11-12T20:50:20.000Z	2024-11-12T22:22:38.000Z
"feat: TB-6747: Handling Coverage Changes - Warning notification to complete DSF"	https://github.com/DailyFeats/slfus-client-onboard/pull/6493	2024-11-05T20:57:44.000Z	2024-11-12T20:46:29.000Z
"feat: TB-6780 - simplify undo ic edits"	https://github.com/DailyFeats/slfus-client-onboard/pull/6503	2024-11-08T18:47:44.000Z	2024-11-12T18:55:12.000Z
"feat: TB-6749: Handling Coverage Removal - create IC edits for Bills, Previous Coverage Information"	https://github.com/DailyFeats/slfus-client-onboard/pull/6483	2024-11-01T18:26:10.000Z	2024-11-12T14:27:24.000Z
"feat: TB-6768: Compass - Client and Policy selection criteria"	https://github.com/DailyFeats/slfus-client-onboard/pull/6502	2024-11-08T14:31:50.000Z	2024-11-11T19:22:25.000Z
"feat: TB-6770 - QPS SNS handling & storage (part 5)"	https://github.com/DailyFeats/slfus-client-onboard/pull/6500	2024-11-07T23:20:24.000Z	2024-11-11T18:04:46.000Z
"feat: FLAMP-3788 - fix caching of prefill values"	https://github.com/DailyFeats/slfus-client-onboard/pull/6504	2024-11-11T14:48:21.000Z	2024-11-11T17:46:31.000Z
"fix: TB-6724 - Undo IC edits - subsidiary step - client changes"	https://github.com/DailyFeats/slfus-client-onboard/pull/6505	2024-11-11T16:17:38.000Z	2024-11-11T17:09:50.000Z
"fix: TB-6781 - Deletion of bill split by location"	https://github.com/DailyFeats/slfus-client-onboard/pull/6501	2024-11-08T10:51:55.000Z	2024-11-08T11:33:09.000Z
"feat: TB-6770 - QPS SNS (part 4)"	https://github.com/DailyFeats/slfus-client-onboard/pull/6496	2024-11-06T15:02:22.000Z	2024-11-07T23:05:07.000Z
"feat: TB-6724 - Undo IC Edit for subsidiaries"	https://github.com/DailyFeats/slfus-client-onboard/pull/6487	2024-11-04T20:22:47.000Z	2024-11-07T21:25:45.000Z
"feat: FLAMP-3788 qps import save unit test"	https://github.com/DailyFeats/slfus-client-onboard/pull/6489	2024-11-05T14:18:15.000Z	2024-11-07T14:42:08.000Z
"feat: PX-3097: Remove singular financial product translations"	https://github.com/DailyFeats/slfus-client-onboard/pull/6499	2024-11-06T19:45:35.000Z	2024-11-06T20:11:49.000Z
"fix: TB-6771: Easy Start Flyer Document not removing the previous one correctly"	https://github.com/DailyFeats/slfus-client-onboard/pull/6498	2024-11-06T18:19:04.000Z	2024-11-06T19:44:18.000Z
"feat: PX-3098 Benefits Explorer - Final Legal Requirements for Non-SLF pages"	https://github.com/DailyFeats/slfus-client-onboard/pull/6497	2024-11-06T16:19:45.000Z	2024-11-06T18:33:49.000Z
"fix: Custom GH Actions do not support Node 22 yet"	https://github.com/DailyFeats/slfus-client-onboard/pull/6495	2024-11-06T14:44:16.000Z	2024-11-06T15:26:58.000Z
"feat: TB-6770 - QPS SNS (part 3)"	https://github.com/DailyFeats/slfus-client-onboard/pull/6494	2024-11-05T23:48:39.000Z	2024-11-06T14:34:07.000Z
"fix: TB-6766 - Error log cleanup"	https://github.com/DailyFeats/slfus-client-onboard/pull/6491	2024-11-05T17:14:40.000Z	2024-11-06T01:27:38.000Z
"feat: PX-3098 Benefits Explorer - Final Legal Requirements for Non-SLF pages"	https://github.com/DailyFeats/slfus-client-onboard/pull/6492	2024-11-05T18:46:42.000Z	2024-11-05T19:50:30.000Z
"feat: TB-6770 - QPS SNS (part 2)"	https://github.com/DailyFeats/slfus-client-onboard/pull/6490	2024-11-05T16:43:26.000Z	2024-11-05T17:06:33.000Z
"feat: TB-6770 - QPS SNS"	https://github.com/DailyFeats/slfus-client-onboard/pull/6488	2024-11-04T21:30:38.000Z	2024-11-04T21:56:36.000Z
"feat: FLAMP-3788 save qps import step status"	https://github.com/DailyFeats/slfus-client-onboard/pull/6485	2024-11-04T15:12:29.000Z	2024-11-04T16:59:44.000Z
"fix: TB-6766 - Various error fixes"	https://github.com/DailyFeats/slfus-client-onboard/pull/6484	2024-11-01T19:16:15.000Z	2024-11-04T16:36:14.000Z
"feat: TB-6760 - Standardize change log handling of deletes"	https://github.com/DailyFeats/slfus-client-onboard/pull/6471	2024-10-30T20:29:01.000Z	2024-11-01T18:59:38.000Z
"chore: TB-6764 - Node.js v22"	https://github.com/DailyFeats/slfus-client-onboard/pull/6481	2024-11-01T14:10:01.000Z	2024-11-01T17:37:12.000Z
"chore: Upgrade maxwell-node-common"	https://github.com/DailyFeats/slfus-client-onboard/pull/6482	2024-11-01T14:42:22.000Z	2024-11-01T16:55:09.000Z
"feat: PX-3055: Add singular header for financial products"	https://github.com/DailyFeats/slfus-client-onboard/pull/6480	2024-11-01T13:53:22.000Z	2024-11-01T14:17:01.000Z
"feat: PX-3051 Benefits Explorer - Remove ability to send email on Non-Sun Life Client sites"	https://github.com/DailyFeats/slfus-client-onboard/pull/6477	2024-10-31T18:31:12.000Z	2024-10-31T20:26:55.000Z
"fix: OBB-207 - Use correct actor in RESET_PASSWORD email"	https://github.com/DailyFeats/slfus-client-onboard/pull/6479	2024-10-31T18:49:32.000Z	2024-10-31T19:28:16.000Z
"chore: Make playground"	https://github.com/DailyFeats/slfus-client-onboard/pull/6478	2024-10-31T18:38:40.000Z	2024-10-31T19:11:10.000Z
"test: TB-6762 and TB-6763 - Storybook"	https://github.com/DailyFeats/slfus-client-onboard/pull/6476	2024-10-31T16:57:11.000Z	2024-10-31T18:44:23.000Z
"feat: TB-6763 - Monthly Claims Accepted Review"	https://github.com/DailyFeats/slfus-client-onboard/pull/6475	2024-10-31T15:43:52.000Z	2024-10-31T16:13:55.000Z
"feat: TB-6762 - Claims Accepted Defaults Review"	https://github.com/DailyFeats/slfus-client-onboard/pull/6474	2024-10-31T15:10:20.000Z	2024-10-31T15:35:57.000Z
"fix: PX-3063 - reverts opening plan download in new tab"	https://github.com/DailyFeats/slfus-client-onboard/pull/6472	2024-10-31T14:03:34.000Z	2024-10-31T14:48:57.000Z
"feat: OBB-207 - Add created by to Email Page"	https://github.com/DailyFeats/slfus-client-onboard/pull/6473	2024-10-31T14:08:49.000Z	2024-10-31T14:32:31.000Z
"fix: PX-3085 Benefits Explorer - Arranging order of highlights"	https://github.com/DailyFeats/slfus-client-onboard/pull/6470	2024-10-30T19:39:36.000Z	2024-10-30T20:19:16.000Z
"feat: FLAMP-3788 Save QPS prefill"	https://github.com/DailyFeats/slfus-client-onboard/pull/6396	2024-10-16T23:22:38.000Z	2024-10-30T19:55:53.000Z
"fix: TB-6755: Submit Plan Exemptions Documents for PFML - Update Document Links"	https://github.com/DailyFeats/slfus-client-onboard/pull/6469	2024-10-30T18:25:33.000Z	2024-10-30T19:31:56.000Z
"feat: TB-6748: Outline of Coverages - Add WA for Cancer benefit"	https://github.com/DailyFeats/slfus-client-onboard/pull/6462	2024-10-30T14:50:11.000Z	2024-10-30T19:13:56.000Z
"fix: TB-6758 - Compass code location changes"	https://github.com/DailyFeats/slfus-client-onboard/pull/6466	2024-10-30T16:23:17.000Z	2024-10-30T18:56:11.000Z
"fix: TB-6761 - Fix plan admin update when there are no locations"	https://github.com/DailyFeats/slfus-client-onboard/pull/6464	2024-10-30T15:14:14.000Z	2024-10-30T18:39:41.000Z
"fix: PX-3051 Benefits Explorer - Remove ability to send email on Non-Sun Life Client sites"	https://github.com/DailyFeats/slfus-client-onboard/pull/6467	2024-10-30T17:04:10.000Z	2024-10-30T18:21:54.000Z
"chore: Update maxwell-node-common (fix)"	https://github.com/DailyFeats/slfus-client-onboard/pull/6468	2024-10-30T17:05:58.000Z	2024-10-30T17:30:18.000Z
"chore: Update maxwell-node-common"	https://github.com/DailyFeats/slfus-client-onboard/pull/6465	2024-10-30T15:27:53.000Z	2024-10-30T15:57:04.000Z
"feat: PX-3055: Add plural support to `ExplorerMenu`"	https://github.com/DailyFeats/slfus-client-onboard/pull/6430	2024-10-22T20:55:01.000Z	2024-10-30T15:39:46.000Z
"feat: TB-6758 - SPIKE - Compass Bill Group Update"	https://github.com/DailyFeats/slfus-client-onboard/pull/6458	2024-10-28T21:05:13.000Z	2024-10-30T14:30:38.000Z
"fix: TB-6565: Change name back to Add census template from Task Setting"	https://github.com/DailyFeats/slfus-client-onboard/pull/6461	2024-10-29T19:40:48.000Z	2024-10-29T20:27:25.000Z
"feat: TB-6754: Submit Plan Exemptions Documents for PFML - Update to accordion structure"	https://github.com/DailyFeats/slfus-client-onboard/pull/6460	2024-10-29T17:40:48.000Z	2024-10-29T19:11:11.000Z
"fix: TB-6580 - Duplicate email filter fixes (part 9)"	https://github.com/DailyFeats/slfus-client-onboard/pull/6448	2024-10-25T13:11:26.000Z	2024-10-29T16:30:51.000Z
"fix: TB-6746: ASO Dental: Untie Deductible Max Report task to Prior Carrier Bill Status (PM Review)"	https://github.com/DailyFeats/slfus-client-onboard/pull/6457	2024-10-28T20:49:25.000Z	2024-10-29T14:36:50.000Z
"feat: PX-3025 Benefits Explorer - Rename Vidyard API Token Secret"	https://github.com/DailyFeats/slfus-client-onboard/pull/6453	2024-10-25T16:17:54.000Z	2024-10-29T13:46:22.000Z
"feat: TB-6758: SPIKE - Compass - Update Bill Group Description from Onboard"	https://github.com/DailyFeats/slfus-client-onboard/pull/6456	2024-10-28T19:48:39.000Z	2024-10-28T20:33:26.000Z
"fix: PX-3079 Benefits Explorer - Renewed Pages Upload / Site Name Bug - New Document Uploads"	https://github.com/DailyFeats/slfus-client-onboard/pull/6455	2024-10-28T17:10:41.000Z	2024-10-28T20:16:11.000Z
"feat: TB-6694: Handling Coverage Changes - Warning notification to configure benefits"	https://github.com/DailyFeats/slfus-client-onboard/pull/6441	2024-10-24T18:20:32.000Z	2024-10-28T14:28:04.000Z
"fix: PX-3079 Benefits Explorer - Renewed Pages Upload / Site Name Bug"	https://github.com/DailyFeats/slfus-client-onboard/pull/6454	2024-10-25T17:23:17.000Z	2024-10-25T19:13:19.000Z
"feat: PX-3051 Benefits Explorer - Remove ability to send email on Non-Sun Life Client sites"	https://github.com/DailyFeats/slfus-client-onboard/pull/6449	2024-10-25T13:58:36.000Z	2024-10-25T16:43:43.000Z
"fix: Enrollment button types changed to text-only-link"	https://github.com/DailyFeats/slfus-client-onboard/pull/6452	2024-10-25T15:40:20.000Z	2024-10-25T16:27:12.000Z
"fix: PX-3063 - fixes rest of download plan summary links to open in new tab"	https://github.com/DailyFeats/slfus-client-onboard/pull/6450	2024-10-25T14:11:39.000Z	2024-10-25T15:30:53.000Z
"fix: TB-6740: Add New Req Fields for QPS"	https://github.com/DailyFeats/slfus-client-onboard/pull/6451	2024-10-25T14:45:08.000Z	2024-10-25T15:14:38.000Z
"feat: TB-6739 - Add bill name before reimbursement bill's name"	https://github.com/DailyFeats/slfus-client-onboard/pull/6442	2024-10-24T18:39:37.000Z	2024-10-25T14:51:41.000Z
"fix: TB-6753 - Disable Compass certs verification"	https://github.com/DailyFeats/slfus-client-onboard/pull/6447	2024-10-25T13:02:00.000Z	2024-10-25T14:10:55.000Z
"feat: TB-6751 - ic edit subsidiary location"	https://github.com/DailyFeats/slfus-client-onboard/pull/6446	2024-10-24T21:20:16.000Z	2024-10-24T22:48:19.000Z
"revert: PX-3044 - Remove style and className overrides"	https://github.com/DailyFeats/slfus-client-onboard/pull/6445	2024-10-24T20:57:50.000Z	2024-10-24T21:23:03.000Z
"chore: PX-3044 [Benefits Explorer] SPIKE - Remove `style` and `className` overrides from Button components"	https://github.com/DailyFeats/slfus-client-onboard/pull/6343	2024-10-04T17:11:22.000Z	2024-10-24T20:50:28.000Z
"fix: TB-6753 - Fix Compass health check"	https://github.com/DailyFeats/slfus-client-onboard/pull/6443	2024-10-24T18:51:33.000Z	2024-10-24T19:16:58.000Z
"fix: TB-6753 - Remove Compass health check"	https://github.com/DailyFeats/slfus-client-onboard/pull/6440	2024-10-24T17:34:25.000Z	2024-10-24T18:25:40.000Z
"feat: PX-3062: Update dental/vision example data"	https://github.com/DailyFeats/slfus-client-onboard/pull/6434	2024-10-23T16:37:18.000Z	2024-10-24T18:08:06.000Z
"fix: TB-6752: Allow users to sign the DSF in NIGO"	https://github.com/DailyFeats/slfus-client-onboard/pull/6439	2024-10-24T14:50:57.000Z	2024-10-24T17:17:11.000Z
"feat: TB-6753 - Compass Health Check"	https://github.com/DailyFeats/slfus-client-onboard/pull/6437	2024-10-24T13:33:34.000Z	2024-10-24T16:20:13.000Z
"fix: TB-6580 - Duplicate email filter fixes (part 8)"	https://github.com/DailyFeats/slfus-client-onboard/pull/6436	2024-10-23T21:15:55.000Z	2024-10-24T15:39:30.000Z
"fix: TB-6745: ASO Dental: Deductible Maximum Report Updates - II"	https://github.com/DailyFeats/slfus-client-onboard/pull/6438	2024-10-24T13:43:33.000Z	2024-10-24T15:07:25.000Z
"fix: TB-6733: Allow users to accept/decline IC Edits in NIGO"	https://github.com/DailyFeats/slfus-client-onboard/pull/6427	2024-10-22T19:38:15.000Z	2024-10-24T14:34:05.000Z
"fix: TB-6580 - Duplicate email filter fixes (part 7)"	https://github.com/DailyFeats/slfus-client-onboard/pull/6435	2024-10-23T17:49:18.000Z	2024-10-23T20:34:14.000Z
"fix: TB-6720 - Fix zip code validation for Claims "	https://github.com/DailyFeats/slfus-client-onboard/pull/6433	2024-10-23T15:26:00.000Z	2024-10-23T18:23:46.000Z
"feat: PX-3057 Benefits Explorer - Prevent Custom Themes being accessed via Onboard"	https://github.com/DailyFeats/slfus-client-onboard/pull/6432	2024-10-23T13:11:48.000Z	2024-10-23T16:24:36.000Z
"feat: TB-6746: ASO Dental: Untie Deductible Max Report task to Prior Carrier Bill Status"	https://github.com/DailyFeats/slfus-client-onboard/pull/6428	2024-10-22T20:09:36.000Z	2024-10-23T16:05:58.000Z
"chore: Upgrade TypeScript"	https://github.com/DailyFeats/slfus-client-onboard/pull/6431	2024-10-23T12:43:56.000Z	2024-10-23T13:18:53.000Z
"feat: TB-6744 - Increase internal activity cron interval"	https://github.com/DailyFeats/slfus-client-onboard/pull/6429	2024-10-22T20:33:24.000Z	2024-10-23T12:18:54.000Z
"fix: PX-3066 Move plan name field below plan type"	https://github.com/DailyFeats/slfus-client-onboard/pull/6426	2024-10-22T17:32:52.000Z	2024-10-22T21:51:18.000Z
"feat: TB-6736 - Reimbursement bills should not have sorting options"	https://github.com/DailyFeats/slfus-client-onboard/pull/6424	2024-10-22T16:07:01.000Z	2024-10-22T21:01:58.000Z
"feat: TB-6734 - Change "Dental ASO" to "ASO Dental""	https://github.com/DailyFeats/slfus-client-onboard/pull/6418	2024-10-21T18:56:18.000Z	2024-10-22T18:45:32.000Z
"fix: TB-6745: ASO Dental: Deductible Maximum Report Updates"	https://github.com/DailyFeats/slfus-client-onboard/pull/6425	2024-10-22T16:10:11.000Z	2024-10-22T17:33:27.000Z
"fix: PX-3063 - open download plan in new tab"	https://github.com/DailyFeats/slfus-client-onboard/pull/6423	2024-10-22T14:41:35.000Z	2024-10-22T15:57:48.000Z
"feat: PX-3065: Add stable sorting to sortBenefits function"	https://github.com/DailyFeats/slfus-client-onboard/pull/6422	2024-10-22T14:21:06.000Z	2024-10-22T15:06:08.000Z
"fix: TB-6580 - Duplicate email filter fixes (part 6)"	https://github.com/DailyFeats/slfus-client-onboard/pull/6421	2024-10-22T12:21:33.000Z	2024-10-22T13:34:21.000Z
"fix: TB-6750: IC Edits are not appearing for location edits in Plan Admin section"	https://github.com/DailyFeats/slfus-client-onboard/pull/6419	2024-10-21T19:32:59.000Z	2024-10-22T12:40:15.000Z
"chore: PX-3041 - fixes lint issues"	https://github.com/DailyFeats/slfus-client-onboard/pull/6404	2024-10-18T14:19:43.000Z	2024-10-21T21:25:17.000Z
"feat: TB-6721: Vol Life/AD&D API: Schedule Changes"	https://github.com/DailyFeats/slfus-client-onboard/pull/6420	2024-10-21T19:52:25.000Z	2024-10-21T20:41:55.000Z
"fix: TB-6735: Show Subsidiary Locations Everywhere"	https://github.com/DailyFeats/slfus-client-onboard/pull/6417	2024-10-21T18:45:28.000Z	2024-10-21T20:19:01.000Z
"fix: PX-3060 - fix prevPage link for new domain/custom branded"	https://github.com/DailyFeats/slfus-client-onboard/pull/6407	2024-10-18T18:15:01.000Z	2024-10-21T20:00:49.000Z
"fix: PX-3064 Benefits Explorer - Benefit Highlights "View All""	https://github.com/DailyFeats/slfus-client-onboard/pull/6416	2024-10-21T18:31:45.000Z	2024-10-21T19:44:20.000Z
"fix: TB-6695 - getHasUnsentICEdits can be in a transaction"	https://github.com/DailyFeats/slfus-client-onboard/pull/6411	2024-10-18T20:13:00.000Z	2024-10-21T17:58:57.000Z
"feat: TB-6737 - update double bill summary copy for ASO Dental"	https://github.com/DailyFeats/slfus-client-onboard/pull/6415	2024-10-21T16:07:53.000Z	2024-10-21T17:34:31.000Z
"fix: TB-6580 - Duplicate email filter fixes (part 6)"	https://github.com/DailyFeats/slfus-client-onboard/pull/6414	2024-10-21T14:55:00.000Z	2024-10-21T15:25:04.000Z
"feat: PX-3050: Update footer for YBE index page"	https://github.com/DailyFeats/slfus-client-onboard/pull/6413	2024-10-21T14:28:26.000Z	2024-10-21T15:07:07.000Z
"fix: PX-3066 Benefits Explorer - Plan Name clearing out"	https://github.com/DailyFeats/slfus-client-onboard/pull/6401	2024-10-17T19:13:22.000Z	2024-10-21T14:31:32.000Z
"fix: TB-6580: Duplicate email filter fixes (part 5)"	https://github.com/DailyFeats/slfus-client-onboard/pull/6410	2024-10-18T19:24:12.000Z	2024-10-18T23:08:06.000Z
"chore: Bump cookie, cookie-parser and express"	https://github.com/DailyFeats/slfus-client-onboard/pull/6409	2024-10-18T19:05:52.000Z	2024-10-18T21:01:47.000Z
"chore: Bump @kubernetes/client-node and @okta/okta-auth-js"	https://github.com/DailyFeats/slfus-client-onboard/pull/6408	2024-10-18T19:03:31.000Z	2024-10-18T20:43:53.000Z
"fix: TB-6580 - Duplicate email filter fixes (part 4)"	https://github.com/DailyFeats/slfus-client-onboard/pull/6406	2024-10-18T16:39:58.000Z	2024-10-18T17:20:56.000Z
"fix: TB-6580 - Duplicate email filter fixes (part 3)"	https://github.com/DailyFeats/slfus-client-onboard/pull/6405	2024-10-18T14:52:38.000Z	2024-10-18T16:35:47.000Z
"feat: TB-6695 - unsent ic edits client error"	https://github.com/DailyFeats/slfus-client-onboard/pull/6370	2024-10-10T20:17:37.000Z	2024-10-18T13:50:05.000Z
"fix: TB-6580 - Duplicate email filter fixes (part 2)"	https://github.com/DailyFeats/slfus-client-onboard/pull/6403	2024-10-18T11:58:54.000Z	2024-10-18T13:24:27.000Z
"fix: TB-6580 - Duplicate email filter fixes"	https://github.com/DailyFeats/slfus-client-onboard/pull/6402	2024-10-17T20:47:02.000Z	2024-10-17T21:15:26.000Z
"fix: TB-6727 - Fix multi policy risk acceptance email"	https://github.com/DailyFeats/slfus-client-onboard/pull/6400	2024-10-17T16:33:20.000Z	2024-10-17T18:32:55.000Z
"fix: TB-6711: Remove captcha from Send Welcome Email from internal user screens"	https://github.com/DailyFeats/slfus-client-onboard/pull/6395	2024-10-16T16:34:00.000Z	2024-10-17T18:15:36.000Z
"fix: TB-6743 - Prevent Activation Reminder from not being sent"	https://github.com/DailyFeats/slfus-client-onboard/pull/6399	2024-10-17T00:03:24.000Z	2024-10-17T14:36:39.000Z
"fix: TB-6742 - Prevent "documents ready" emails from not being sent"	https://github.com/DailyFeats/slfus-client-onboard/pull/6398	2024-10-16T23:44:50.000Z	2024-10-17T14:18:59.000Z
"fix: TB-6741 - Prevent EIF_CHANGES_MADE email from being filtered"	https://github.com/DailyFeats/slfus-client-onboard/pull/6397	2024-10-16T23:25:28.000Z	2024-10-17T14:01:59.000Z
"fix: TB-6731 - Subsidiary form errors flash"	https://github.com/DailyFeats/slfus-client-onboard/pull/6394	2024-10-16T15:51:15.000Z	2024-10-16T23:00:11.000Z
"feat: TB-6707: Vol Life/AD&D API - Earnings II"	https://github.com/DailyFeats/slfus-client-onboard/pull/6390	2024-10-15T18:33:01.000Z	2024-10-16T17:23:56.000Z
"fix: TB-6731 - Subsidiaries & Affiliates edit behavior"	https://github.com/DailyFeats/slfus-client-onboard/pull/6392	2024-10-16T08:10:15.000Z	2024-10-16T15:32:40.000Z
"feat: FLAMP-3788 qps import save"	https://github.com/DailyFeats/slfus-client-onboard/pull/6386	2024-10-14T23:18:02.000Z	2024-10-16T14:44:23.000Z
"feat: Hackathon - BenEx Data Generation"	https://github.com/DailyFeats/slfus-client-onboard/pull/6360	2024-10-08T18:50:44.000Z	2024-10-16T14:28:34.000Z
"fix: TB-6732 - Do not delete activities that were already sent"	https://github.com/DailyFeats/slfus-client-onboard/pull/6391	2024-10-15T21:38:23.000Z	2024-10-16T13:51:32.000Z
"chore: Fix server startup when there's no client build"	https://github.com/DailyFeats/slfus-client-onboard/pull/6393	2024-10-16T12:05:02.000Z	2024-10-16T13:33:52.000Z
"fix: TB-6676: Add More Detail to View Portal Button Label"	https://github.com/DailyFeats/slfus-client-onboard/pull/6380	2024-10-14T16:07:21.000Z	2024-10-15T19:22:06.000Z
"refactor: TB-6730 - Reduce size of clientModule"	https://github.com/DailyFeats/slfus-client-onboard/pull/6388	2024-10-15T16:21:47.000Z	2024-10-15T18:26:44.000Z
"ci: Remove email checklist acknowledgement requirement"	https://github.com/DailyFeats/slfus-client-onboard/pull/6389	2024-10-15T16:44:35.000Z	2024-10-15T17:20:47.000Z
"chore: TB-6730 - More circular import fixes (part 2)"	https://github.com/DailyFeats/slfus-client-onboard/pull/6387	2024-10-15T15:31:05.000Z	2024-10-15T16:03:52.000Z
"chore: Convert relative ../shared imports into absolute"	https://github.com/DailyFeats/slfus-client-onboard/pull/6385	2024-10-14T20:01:47.000Z	2024-10-15T15:25:04.000Z
"fix: PX-3047 - fix table scrollbar position"	https://github.com/DailyFeats/slfus-client-onboard/pull/6376	2024-10-11T19:54:58.000Z	2024-10-15T14:36:51.000Z
"test: Fix ClientDetail random test failure"	https://github.com/DailyFeats/slfus-client-onboard/pull/6361	2024-10-08T19:42:46.000Z	2024-10-15T14:14:30.000Z
"chore: TB-6730 - Remove server references from shared dir"	https://github.com/DailyFeats/slfus-client-onboard/pull/6379	2024-10-14T16:06:40.000Z	2024-10-14T19:50:15.000Z
"fix: exclude storybook static site CSS from style linting"	https://github.com/DailyFeats/slfus-client-onboard/pull/6384	2024-10-14T18:42:35.000Z	2024-10-14T19:32:45.000Z
"fix: eslint-fix out of memory errors when running locally"	https://github.com/DailyFeats/slfus-client-onboard/pull/6383	2024-10-14T18:20:02.000Z	2024-10-14T19:06:49.000Z
"feat: TB-6708: Vol Life/AD&D API - Gross Earnings"	https://github.com/DailyFeats/slfus-client-onboard/pull/6371	2024-10-10T20:18:22.000Z	2024-10-14T18:50:47.000Z
"test: Cleans ResponseError from terminal in ExplorerPage"	https://github.com/DailyFeats/slfus-client-onboard/pull/6382	2024-10-14T17:54:34.000Z	2024-10-14T18:24:20.000Z
"fix: PX-3060 - fix initOnboard condition"	https://github.com/DailyFeats/slfus-client-onboard/pull/6381	2024-10-14T16:34:01.000Z	2024-10-14T17:50:45.000Z
"chore: TB-6730 - Mitigate circular imports (part 1)"	https://github.com/DailyFeats/slfus-client-onboard/pull/6378	2024-10-11T23:17:23.000Z	2024-10-14T13:58:10.000Z
"fix: TB-6695 Fix circular import caused in onboardingFormsStorage"	https://github.com/DailyFeats/slfus-client-onboard/pull/6374	2024-10-11T17:50:06.000Z	2024-10-11T18:55:16.000Z
"fix: Remove noisy warn logs"	https://github.com/DailyFeats/slfus-client-onboard/pull/6375	2024-10-11T17:59:06.000Z	2024-10-11T18:38:06.000Z
"fix: TB-6712: Supp Health API Map Dependent values for Eligible Hours and Waiting Periods"	https://github.com/DailyFeats/slfus-client-onboard/pull/6369	2024-10-10T17:53:07.000Z	2024-10-11T17:31:55.000Z
"feat: TB-6696: Allow For More Than One Client Sync Error"	https://github.com/DailyFeats/slfus-client-onboard/pull/6356	2024-10-07T22:02:14.000Z	2024-10-11T15:53:29.000Z
"fix: PX-3060: BenEx previous link doesn't work for all configuration"	https://github.com/DailyFeats/slfus-client-onboard/pull/6373	2024-10-11T14:43:38.000Z	2024-10-11T15:35:45.000Z
"fix: Email warning log"	https://github.com/DailyFeats/slfus-client-onboard/pull/6372	2024-10-11T14:06:41.000Z	2024-10-11T15:19:33.000Z
"fix: TFI-1838 | adding Cost Centre tag"	https://github.com/DailyFeats/slfus-client-onboard/pull/6368	2024-10-09T20:09:11.000Z	2024-10-09T22:12:05.000Z
"fix: TB-6703 - IC Edit Undo comment update"	https://github.com/DailyFeats/slfus-client-onboard/pull/6367	2024-10-09T18:27:33.000Z	2024-10-09T19:57:38.000Z
"feat: TB-6693: Do not try to send Forms emails to Live clients"	https://github.com/DailyFeats/slfus-client-onboard/pull/6364	2024-10-09T15:33:51.000Z	2024-10-09T19:36:58.000Z
"fix: TB-6719: Able to sync DS envelope if the roleName attribute is not in the payload"	https://github.com/DailyFeats/slfus-client-onboard/pull/6366	2024-10-09T16:14:48.000Z	2024-10-09T17:07:22.000Z
"fix: Grant zip download permission to BAs and Brokers"	https://github.com/DailyFeats/slfus-client-onboard/pull/6365	2024-10-09T15:34:51.000Z	2024-10-09T16:10:38.000Z
"fix: TB-6685: Accessibility: Required field doesnâ€™t have options provided for it"	https://github.com/DailyFeats/slfus-client-onboard/pull/6358	2024-10-08T16:33:58.000Z	2024-10-09T14:59:49.000Z
"chore: Update @sentry/react"	https://github.com/DailyFeats/slfus-client-onboard/pull/6362	2024-10-08T20:00:36.000Z	2024-10-08T22:07:04.000Z
"fix: PX-3060: PrevPageLink doesn't work"	https://github.com/DailyFeats/slfus-client-onboard/pull/6363	2024-10-08T20:42:02.000Z	2024-10-08T21:47:31.000Z
"fix: PX-3048 copy for non sunlife footer"	https://github.com/DailyFeats/slfus-client-onboard/pull/6340	2024-10-04T14:16:05.000Z	2024-10-08T21:31:39.000Z
"feat: TB-6703 SPIKE Undo Foreign Entities (Contact)"	https://github.com/DailyFeats/slfus-client-onboard/pull/6357	2024-10-08T16:14:01.000Z	2024-10-08T21:08:29.000Z
"fix: TB-6715: Outside Signer is being filter out by ONBOARD_EMAIL_INCIDENT_PREVENTION"	https://github.com/DailyFeats/slfus-client-onboard/pull/6359	2024-10-08T17:55:40.000Z	2024-10-08T18:28:53.000Z
"fix: TB-6703 Are there pending changes logic"	https://github.com/DailyFeats/slfus-client-onboard/pull/6355	2024-10-07T21:58:37.000Z	2024-10-08T16:09:55.000Z
"feat: PX-3056: Redirect not found page on custom domain to index page"	https://github.com/DailyFeats/slfus-client-onboard/pull/6346	2024-10-04T20:07:11.000Z	2024-10-08T13:39:18.000Z
"fix: TB-6703 - Ignore soft delete middleware"	https://github.com/DailyFeats/slfus-client-onboard/pull/6354	2024-10-07T19:34:39.000Z	2024-10-07T21:11:29.000Z
"fix: TB-6685: Accessibility: Content should be marked up as a <ul> or <ol> to create a list "	https://github.com/DailyFeats/slfus-client-onboard/pull/6352	2024-10-07T17:51:52.000Z	2024-10-07T20:47:48.000Z
"feat: TB-6697: Vol Life/AD&D- Map contract provisions to QPS"	https://github.com/DailyFeats/slfus-client-onboard/pull/6353	2024-10-07T18:24:36.000Z	2024-10-07T20:31:28.000Z
"refactor: TB-6702 - Internal Edit Banner"	https://github.com/DailyFeats/slfus-client-onboard/pull/6339	2024-10-04T14:06:00.000Z	2024-10-07T20:13:43.000Z
"refactor: TB-6703 - Add related records to Client"	https://github.com/DailyFeats/slfus-client-onboard/pull/6350	2024-10-07T15:59:14.000Z	2024-10-07T19:56:50.000Z
"feat: PX-3027 Benefits Explorer - Update Dental Plan Comparison Table post Compliance Review"	https://github.com/DailyFeats/slfus-client-onboard/pull/6351	2024-10-07T17:22:20.000Z	2024-10-07T17:53:01.000Z
"feat: TB-6698: Vol Life/AD&D API: Set Documents Tab Items Shared Items"	https://github.com/DailyFeats/slfus-client-onboard/pull/6334	2024-10-03T20:04:45.000Z	2024-10-07T16:53:33.000Z
"chore: TB-6456: Remove more unnecessary conditions (part 15)"	https://github.com/DailyFeats/slfus-client-onboard/pull/6345	2024-10-04T19:47:58.000Z	2024-10-07T16:03:33.000Z
"feat: FLAMP-3788 qps import formik validation"	https://github.com/DailyFeats/slfus-client-onboard/pull/6338	2024-10-04T13:03:09.000Z	2024-10-06T22:45:53.000Z
"test: Fix EIFChangesSummary storybook"	https://github.com/DailyFeats/slfus-client-onboard/pull/6349	2024-10-06T21:43:28.000Z	2024-10-06T22:07:41.000Z
"refactor: TB-6703 Rename changesSnapshot to changeSnapshot"	https://github.com/DailyFeats/slfus-client-onboard/pull/6348	2024-10-06T20:45:58.000Z	2024-10-06T21:15:58.000Z
"refactor: TB-6703 Move getChangeDetailList to shared"	https://github.com/DailyFeats/slfus-client-onboard/pull/6347	2024-10-06T20:15:08.000Z	2024-10-06T20:45:07.000Z
"chore: TB-6456: Remove more unnecessary conditions (part 14)"	https://github.com/DailyFeats/slfus-client-onboard/pull/6342	2024-10-04T16:25:41.000Z	2024-10-04T20:25:30.000Z
"feat: TB-6702 - [SPIKE] - Undo IC Edit (part 4)"	https://github.com/DailyFeats/slfus-client-onboard/pull/6341	2024-10-04T15:45:42.000Z	2024-10-04T20:09:13.000Z
"fix: TB-6688 - fix visual regression with ExplorerPageTable"	https://github.com/DailyFeats/slfus-client-onboard/pull/6344	2024-10-04T19:01:41.000Z	2024-10-04T19:45:07.000Z
"feat: TB-6688 - use Onboard custom pagination control"	https://github.com/DailyFeats/slfus-client-onboard/pull/6332	2024-10-03T18:14:14.000Z	2024-10-04T17:42:59.000Z
"feat: TB-6702 - [SPIKE] Undo IC Edit (part 3)"	https://github.com/DailyFeats/slfus-client-onboard/pull/6333	2024-10-03T18:34:01.000Z	2024-10-04T15:41:03.000Z
"fix: TB-6681: Don't Overwrite Plan Fields When Updating Claims Check"	https://github.com/DailyFeats/slfus-client-onboard/pull/6336	2024-10-03T21:27:21.000Z	2024-10-04T15:04:56.000Z
"feat: Fix ERISA's Other Plan type"	https://github.com/DailyFeats/slfus-client-onboard/pull/6337	2024-10-04T12:00:07.000Z	2024-10-04T13:51:25.000Z
"chore: TB-6456: Remove more unnecessary conditions (part 13)"	https://github.com/DailyFeats/slfus-client-onboard/pull/6335	2024-10-03T20:26:22.000Z	2024-10-04T13:14:17.000Z
"fix: PX-3056: Favorite plans counter and page doesn't work"	https://github.com/DailyFeats/slfus-client-onboard/pull/6329	2024-10-03T16:27:48.000Z	2024-10-03T20:56:45.000Z
"chore: TB-6456: Remove more unnecessary conditions (part 12)"	https://github.com/DailyFeats/slfus-client-onboard/pull/6331	2024-10-03T17:44:02.000Z	2024-10-03T20:40:59.000Z
"feat: TB-6702 - [SPIKE] Undo IC Edit (part 2)"	https://github.com/DailyFeats/slfus-client-onboard/pull/6328	2024-10-03T16:00:19.000Z	2024-10-03T18:14:45.000Z
"chore: TB-6456: Remove more unnecessary conditions (part 11)"	https://github.com/DailyFeats/slfus-client-onboard/pull/6326	2024-10-02T23:55:20.000Z	2024-10-03T17:15:44.000Z
"chore: TB-6456: Remove more unnecessary conditions (benefits explorer)"	https://github.com/DailyFeats/slfus-client-onboard/pull/6323	2024-10-02T18:41:59.000Z	2024-10-03T16:21:36.000Z
"feat: TB-6702 - [SPIKE] Undo IC Edit (part 1)"	https://github.com/DailyFeats/slfus-client-onboard/pull/6327	2024-10-03T13:17:12.000Z	2024-10-03T14:30:05.000Z
"chore: TB-6456: Remove more unnecessary conditions (part 10)"	https://github.com/DailyFeats/slfus-client-onboard/pull/6325	2024-10-02T20:04:03.000Z	2024-10-02T21:19:42.000Z
"feat: TB-6688 - pagination component - part two"	https://github.com/DailyFeats/slfus-client-onboard/pull/6309	2024-09-30T20:00:02.000Z	2024-10-02T21:02:32.000Z
"fix: TB-6682: Allow authorized signer to be changed when there is a review in progress"	https://github.com/DailyFeats/slfus-client-onboard/pull/6320	2024-10-02T14:50:17.000Z	2024-10-02T18:18:46.000Z
"fix: PX-3027 Fix Plan Type Mismatch"	https://github.com/DailyFeats/slfus-client-onboard/pull/6322	2024-10-02T16:08:02.000Z	2024-10-02T18:02:43.000Z
"chore: TB-6456: Remove more unnecessary conditions (part 8+9)"	https://github.com/DailyFeats/slfus-client-onboard/pull/6317	2024-10-02T12:40:59.000Z	2024-10-02T17:45:02.000Z
"fix: TB-5329 - Sentry ignore preload errors from Firefox"	https://github.com/DailyFeats/slfus-client-onboard/pull/6321	2024-10-02T14:53:25.000Z	2024-10-02T16:27:29.000Z
"chore: Hard-code protocol for Docusign Webhook"	https://github.com/DailyFeats/slfus-client-onboard/pull/6319	2024-10-02T14:00:34.000Z	2024-10-02T15:16:43.000Z
"feat: PX-3027 Benefits Explorer - Update Dental Plan Comparison Table post Compliance Review"	https://github.com/DailyFeats/slfus-client-onboard/pull/6304	2024-09-30T17:50:06.000Z	2024-10-02T15:00:18.000Z
"fix: TB-5329 - Sentry ignore preload errors for CSS files"	https://github.com/DailyFeats/slfus-client-onboard/pull/6316	2024-10-02T12:19:47.000Z	2024-10-02T14:43:32.000Z
"fix: TB-6672 - Fix Docusign iframe"	https://github.com/DailyFeats/slfus-client-onboard/pull/6318	2024-10-02T13:51:18.000Z	2024-10-02T14:15:13.000Z
"chore: TB-6456: Remove more uncessary conditions (part 7)"	https://github.com/DailyFeats/slfus-client-onboard/pull/6314	2024-10-01T17:22:24.000Z	2024-10-02T12:51:45.000Z
"feat: TB-5329 - Re-introduce Code Splitting"	https://github.com/DailyFeats/slfus-client-onboard/pull/6277	2024-09-25T10:36:51.000Z	2024-10-01T19:11:30.000Z
"chore: TB-6456: Remove more uncessary conditions (part 6)"	https://github.com/DailyFeats/slfus-client-onboard/pull/6307	2024-09-30T18:55:19.000Z	2024-10-01T17:37:04.000Z
"fix: TB-6672: Add Bypass Block to Main Nav"	https://github.com/DailyFeats/slfus-client-onboard/pull/6294	2024-09-27T05:07:49.000Z	2024-10-01T17:15:43.000Z
"fix: TB-6700 - Gracefully handle Cloudflare blocked requests (pt2)"	https://github.com/DailyFeats/slfus-client-onboard/pull/6311	2024-09-30T21:15:35.000Z	2024-09-30T22:24:40.000Z
"feat: Implement benefits explorer path utility and update navigation links"	https://github.com/DailyFeats/slfus-client-onboard/pull/6310	2024-09-30T20:20:21.000Z	2024-09-30T21:16:57.000Z
"fix: PX-3034: Update in/out network terminology"	https://github.com/DailyFeats/slfus-client-onboard/pull/6308	2024-09-30T19:55:49.000Z	2024-09-30T21:00:39.000Z
"feat: TB-6688 - Pagination component - Part 1"	https://github.com/DailyFeats/slfus-client-onboard/pull/6285	2024-09-25T20:39:28.000Z	2024-09-30T19:51:47.000Z
"chore: TB-6456: Remove more uncessary conditions (part 5)"	https://github.com/DailyFeats/slfus-client-onboard/pull/6291	2024-09-26T18:03:26.000Z	2024-09-30T19:34:36.000Z
"feat: FLAMP-3788 qps formik setup"	https://github.com/DailyFeats/slfus-client-onboard/pull/6225	2024-09-18T13:18:51.000Z	2024-09-30T19:08:43.000Z
"fix: TB-6704: allow ONGOING_SERVICE_CALL_REQUESTED to be sent when client is live"	https://github.com/DailyFeats/slfus-client-onboard/pull/6306	2024-09-30T18:17:35.000Z	2024-09-30T18:53:00.000Z
"feat: PX-3045: Conditionally render previous benex link"	https://github.com/DailyFeats/slfus-client-onboard/pull/6303	2024-09-30T16:34:59.000Z	2024-09-30T17:58:28.000Z
"chore: Replace BENEX_VANITY_URL with BENEX_CUSTOM_BRANDING"	https://github.com/DailyFeats/slfus-client-onboard/pull/6301	2024-09-30T14:50:48.000Z	2024-09-30T16:45:51.000Z
"feat: TB-6701 - Handle non-parseable JSON requests"	https://github.com/DailyFeats/slfus-client-onboard/pull/6302	2024-09-30T15:31:04.000Z	2024-09-30T16:18:21.000Z
"chore: Update maxwell-node-common"	https://github.com/DailyFeats/slfus-client-onboard/pull/6300	2024-09-30T14:10:05.000Z	2024-09-30T14:37:49.000Z
"feat: TB-6700 - Gracefully handle Cloudflare blocked requests"	https://github.com/DailyFeats/slfus-client-onboard/pull/6299	2024-09-27T23:39:54.000Z	2024-09-30T14:19:23.000Z
"chore: Allow accessing front-end app from server during dev"	https://github.com/DailyFeats/slfus-client-onboard/pull/6296	2024-09-27T16:22:58.000Z	2024-09-30T13:24:57.000Z
"chore: Evaluate custom branding ft like all other fts"	https://github.com/DailyFeats/slfus-client-onboard/pull/6298	2024-09-27T19:45:42.000Z	2024-09-27T20:32:38.000Z
"fix: TB-6667: Pass the style prop to the button component"	https://github.com/DailyFeats/slfus-client-onboard/pull/6297	2024-09-27T19:00:28.000Z	2024-09-27T20:01:04.000Z
"feat: TB-6691: Vol Life/AD&D API: Class Mapping Tool"	https://github.com/DailyFeats/slfus-client-onboard/pull/6295	2024-09-27T13:27:58.000Z	2024-09-27T19:31:10.000Z
"fix: TB-6658 - Don't support hover in SlobDropdown"	https://github.com/DailyFeats/slfus-client-onboard/pull/6287	2024-09-26T15:31:43.000Z	2024-09-27T15:46:00.000Z
"fix: TB-6699: account for deductibleMaximumReportTask when creating client"	https://github.com/DailyFeats/slfus-client-onboard/pull/6292	2024-09-26T19:57:02.000Z	2024-09-27T14:10:24.000Z
"feat: TB-6692 - Bulk Send Welcome Email"	https://github.com/DailyFeats/slfus-client-onboard/pull/6293	2024-09-26T23:20:56.000Z	2024-09-27T13:54:33.000Z
"refactor: TB-6667: Replace All Instances of ButtonOld with the newer Button component"	https://github.com/DailyFeats/slfus-client-onboard/pull/6270	2024-09-24T19:47:42.000Z	2024-09-27T12:19:30.000Z
"fix: PX-2979 - slugify vanity"	https://github.com/DailyFeats/slfus-client-onboard/pull/6290	2024-09-26T17:48:45.000Z	2024-09-26T18:22:22.000Z
"chore: TB-6692 - Measure recaptcha score"	https://github.com/DailyFeats/slfus-client-onboard/pull/6289	2024-09-26T15:38:52.000Z	2024-09-26T17:18:32.000Z
"fix: PX-2979 - View explorer page button link logic"	https://github.com/DailyFeats/slfus-client-onboard/pull/6288	2024-09-26T15:33:34.000Z	2024-09-26T16:12:01.000Z
"chore: Update vite"	https://github.com/DailyFeats/slfus-client-onboard/pull/6264	2024-09-23T21:00:59.000Z	2024-09-26T14:44:41.000Z
"feat: FLAMP-3830 Billing flyer"	https://github.com/DailyFeats/slfus-client-onboard/pull/6286	2024-09-26T12:11:21.000Z	2024-09-26T14:27:51.000Z
"chore: TB-6456: Remove unnecessary conditions - Part 4"	https://github.com/DailyFeats/slfus-client-onboard/pull/6271	2024-09-24T20:59:38.000Z	2024-09-26T13:35:44.000Z
"feat: FLAMP-3829 Send Onboard Emails to CRE if the field contains email"	https://github.com/DailyFeats/slfus-client-onboard/pull/6267	2024-09-24T11:38:06.000Z	2024-09-26T11:14:42.000Z
"fix: PX-3030: Custom BenEx theme logic"	https://github.com/DailyFeats/slfus-client-onboard/pull/6284	2024-09-25T19:49:56.000Z	2024-09-25T20:18:26.000Z
"feat: PX-3033 apply same spacing to disclaimer text"	https://github.com/DailyFeats/slfus-client-onboard/pull/6283	2024-09-25T16:38:11.000Z	2024-09-25T17:28:01.000Z
"feat: PX-3032 add some tests for the new percentage fields"	https://github.com/DailyFeats/slfus-client-onboard/pull/6280	2024-09-25T15:11:04.000Z	2024-09-25T16:54:40.000Z
"chore: TB-5329 - Prepare bundles for code splitting"	https://github.com/DailyFeats/slfus-client-onboard/pull/6279	2024-09-25T12:49:28.000Z	2024-09-25T16:33:31.000Z
"fix: PX-2979 - fix logic to populate vanitySlug based on scenario"	https://github.com/DailyFeats/slfus-client-onboard/pull/6281	2024-09-25T15:24:17.000Z	2024-09-25T16:17:53.000Z
"fix: Log status after failed auth recovery"	https://github.com/DailyFeats/slfus-client-onboard/pull/6282	2024-09-25T15:24:21.000Z	2024-09-25T16:01:33.000Z
"feat: TB-5329 - Handle preload errors"	https://github.com/DailyFeats/slfus-client-onboard/pull/6274	2024-09-24T23:22:08.000Z	2024-09-25T15:37:15.000Z
"feat: PX-3032 Benefits Explorer - Dental Modal Ortho % amount"	https://github.com/DailyFeats/slfus-client-onboard/pull/6273	2024-09-24T21:33:27.000Z	2024-09-25T14:49:52.000Z
"feat: Initialize Sentry with release"	https://github.com/DailyFeats/slfus-client-onboard/pull/6276	2024-09-25T00:05:58.000Z	2024-09-25T13:42:49.000Z
"fix: Boundary Error"	https://github.com/DailyFeats/slfus-client-onboard/pull/6275	2024-09-25T00:03:36.000Z	2024-09-25T13:26:51.000Z
"chore: Update build-size strip-hash"	https://github.com/DailyFeats/slfus-client-onboard/pull/6278	2024-09-25T11:46:56.000Z	2024-09-25T12:00:01.000Z
"feat: PX-2979 - generate vanity slug UUID"	https://github.com/DailyFeats/slfus-client-onboard/pull/6251	2024-09-20T21:53:13.000Z	2024-09-24T23:53:13.000Z
"feat: PX-3034: Update spanish copies for vision PCT"	https://github.com/DailyFeats/slfus-client-onboard/pull/6272	2024-09-24T21:19:03.000Z	2024-09-24T22:04:34.000Z
"chore: TB-6456: Remove unnecessary conditions - Part 3"	https://github.com/DailyFeats/slfus-client-onboard/pull/6269	2024-09-24T16:36:17.000Z	2024-09-24T21:14:36.000Z
"chore: TB-6456: Remove unnecessary conditions - Part 2 - (server/*/client files)"	https://github.com/DailyFeats/slfus-client-onboard/pull/6262	2024-09-23T20:46:15.000Z	2024-09-24T20:38:11.000Z
"fix: hotfix for use custom theme hook"	https://github.com/DailyFeats/slfus-client-onboard/pull/6268	2024-09-24T15:10:42.000Z	2024-09-24T15:21:38.000Z
"feat: PX-3033 Benefits Explorer - Add URL disclaimer"	https://github.com/DailyFeats/slfus-client-onboard/pull/6265	2024-09-23T21:19:11.000Z	2024-09-24T15:10:10.000Z
"chore: TB-6456: Remove unnecessary conditions (oktaAuth.ts)"	https://github.com/DailyFeats/slfus-client-onboard/pull/6261	2024-09-23T18:20:42.000Z	2024-09-24T13:25:13.000Z
"fix: TB-5329 -Fix /lab route collision with benex"	https://github.com/DailyFeats/slfus-client-onboard/pull/6266	2024-09-23T23:09:24.000Z	2024-09-24T11:50:40.000Z
"fix: Infer environment from host for Sentry init"	https://github.com/DailyFeats/slfus-client-onboard/pull/6256	2024-09-23T16:49:07.000Z	2024-09-23T21:21:14.000Z
"feat: PX-3030: Prevent FOUC for BenEx custom branding"	https://github.com/DailyFeats/slfus-client-onboard/pull/6259	2024-09-23T17:41:37.000Z	2024-09-23T21:05:03.000Z
"fix: PX-3037 Benefits Explorer - Combined Dental Plans"	https://github.com/DailyFeats/slfus-client-onboard/pull/6260	2024-09-23T17:50:40.000Z	2024-09-23T18:28:49.000Z
"fix: PX-3039 Benefits Explorer - Medical Plan Comparison Table footer"	https://github.com/DailyFeats/slfus-client-onboard/pull/6258	2024-09-23T16:57:02.000Z	2024-09-23T18:09:48.000Z
"chore: Update body-parser and express"	https://github.com/DailyFeats/slfus-client-onboard/pull/6255	2024-09-23T16:21:35.000Z	2024-09-23T17:49:16.000Z
"feat: PX-3036 Benefits Explorer - Update to ingest new URL"	https://github.com/DailyFeats/slfus-client-onboard/pull/6257	2024-09-23T16:50:26.000Z	2024-09-23T17:17:37.000Z
"chore: Update Prisma"	https://github.com/DailyFeats/slfus-client-onboard/pull/6252	2024-09-23T14:47:44.000Z	2024-09-23T16:49:24.000Z
"chore: Update @segment/analytics-node"	https://github.com/DailyFeats/slfus-client-onboard/pull/6254	2024-09-23T15:22:24.000Z	2024-09-23T16:02:29.000Z
"feat: TB-5329 - Code Splitting Experiment"	https://github.com/DailyFeats/slfus-client-onboard/pull/6253	2024-09-23T15:13:36.000Z	2024-09-23T15:44:08.000Z
"fix: TB-6642: Handling Coverage Changes - Removing Coverages from Class Builder (PM review changes)"	https://github.com/DailyFeats/slfus-client-onboard/pull/6250	2024-09-20T20:48:00.000Z	2024-09-23T15:18:36.000Z
"test: TB-6680 - Clover mock"	https://github.com/DailyFeats/slfus-client-onboard/pull/6241	2024-09-19T20:46:53.000Z	2024-09-23T12:56:40.000Z
"feat: PX-2933 Benefits Explorer - Custom Brand Site Index Page - Feedback"	https://github.com/DailyFeats/slfus-client-onboard/pull/6249	2024-09-20T19:09:09.000Z	2024-09-20T20:08:36.000Z
"feat: PX-3031 Benefits Explorer - Custom Branding Footer Updates - Feedback"	https://github.com/DailyFeats/slfus-client-onboard/pull/6248	2024-09-20T16:54:13.000Z	2024-09-20T18:35:17.000Z
"feat: PX-2981: Add warning modal to edit vanity URL component"	https://github.com/DailyFeats/slfus-client-onboard/pull/6247	2024-09-20T16:08:42.000Z	2024-09-20T17:15:34.000Z
"fix: TB-6671: Accessibility: Decorative icon should not gain keyboard focus"	https://github.com/DailyFeats/slfus-client-onboard/pull/6246	2024-09-20T15:50:53.000Z	2024-09-20T16:58:49.000Z
"chore: Fix React compiler eslint warning"	https://github.com/DailyFeats/slfus-client-onboard/pull/6245	2024-09-20T15:39:34.000Z	2024-09-20T16:07:04.000Z
"fix: Allow auth related emails to be sent to Rejected clients"	https://github.com/DailyFeats/slfus-client-onboard/pull/6244	2024-09-20T14:35:49.000Z	2024-09-20T15:04:41.000Z
"feat: PX-3004: Make "Vanity URL" aware of explorer page state"	https://github.com/DailyFeats/slfus-client-onboard/pull/6243	2024-09-19T21:45:30.000Z	2024-09-20T14:01:23.000Z
"fix: TB-6675: Broker As the BA: Update copy to BA instead of Broker"	https://github.com/DailyFeats/slfus-client-onboard/pull/6240	2024-09-19T19:00:46.000Z	2024-09-20T13:24:05.000Z
"feat: PX-2933 Benefits Explorer - Custom Brand Site Index Page"	https://github.com/DailyFeats/slfus-client-onboard/pull/6242	2024-09-19T20:52:57.000Z	2024-09-19T22:09:25.000Z
"chore: Move additional hosts to env appropriate manifest-overlays and remove app. from benefits explorer urls"	https://github.com/DailyFeats/slfus-client-onboard/pull/6239	2024-09-19T18:50:33.000Z	2024-09-19T19:35:52.000Z
"fix: TB-6663: Increase Contrast on Alert Banner Text"	https://github.com/DailyFeats/slfus-client-onboard/pull/6238	2024-09-19T18:16:56.000Z	2024-09-19T19:18:40.000Z
"feat: PX-3031 Benefits Explorer - Custom Branding Footer Updates"	https://github.com/DailyFeats/slfus-client-onboard/pull/6237	2024-09-19T16:16:21.000Z	2024-09-19T17:43:17.000Z
"feat: PX-3016 Benefits Explorer - Changing Footer links to Fullscope Links"	https://github.com/DailyFeats/slfus-client-onboard/pull/6236	2024-09-19T15:28:49.000Z	2024-09-19T16:23:37.000Z
"fix: PX-2927: "Copy URL" button doesn't copy the current URL"	https://github.com/DailyFeats/slfus-client-onboard/pull/6235	2024-09-19T15:27:16.000Z	2024-09-19T16:05:05.000Z
"feat: PX-3012 - custom theme badge color"	https://github.com/DailyFeats/slfus-client-onboard/pull/6233	2024-09-19T14:15:09.000Z	2024-09-19T15:48:16.000Z
"fix: PX-3024 Benefits Explorer - View Link in Manage Client / Config Screen"	https://github.com/DailyFeats/slfus-client-onboard/pull/6234	2024-09-19T14:53:27.000Z	2024-09-19T15:31:00.000Z
"feat: PC-2980 - Adding VanityUrlField component"	https://github.com/DailyFeats/slfus-client-onboard/pull/6223	2024-09-17T20:36:50.000Z	2024-09-19T15:12:59.000Z
"fix: TB-6661: Screen Reader Functionality for Step Nav"	https://github.com/DailyFeats/slfus-client-onboard/pull/6226	2024-09-18T14:10:04.000Z	2024-09-18T22:12:45.000Z
"feat: PX-2927: Benex site URL takes in account custom branding"	https://github.com/DailyFeats/slfus-client-onboard/pull/6232	2024-09-18T20:52:10.000Z	2024-09-18T21:20:59.000Z
"fix: TB-6666: Outside Signer - Inconsistent banner message and error message"	https://github.com/DailyFeats/slfus-client-onboard/pull/6231	2024-09-18T18:47:10.000Z	2024-09-18T20:45:32.000Z
"feat: Revert FLAMP-3829 Send Onboard Emails to CRE if the field contains email"	https://github.com/DailyFeats/slfus-client-onboard/pull/6230	2024-09-18T17:39:13.000Z	2024-09-18T19:09:54.000Z
"fix: PX-3035 - copy hotfix"	https://github.com/DailyFeats/slfus-client-onboard/pull/6229	2024-09-18T17:29:52.000Z	2024-09-18T18:51:50.000Z
"fix: TB-6669: Update Value Added Services Copy"	https://github.com/DailyFeats/slfus-client-onboard/pull/6228	2024-09-18T16:24:41.000Z	2024-09-18T18:18:36.000Z
"feat: TB-6660: Handling Coverage Changes - Adding Coverages from Class Builder"	https://github.com/DailyFeats/slfus-client-onboard/pull/6224	2024-09-17T23:40:38.000Z	2024-09-18T18:00:41.000Z
"feat: PX-3015: Update tertiary button for custom branding"	https://github.com/DailyFeats/slfus-client-onboard/pull/6227	2024-09-18T15:33:28.000Z	2024-09-18T15:59:04.000Z
"fix: TB-6662: Accessibility: Buttons are unlabelled after a successful file upload"	https://github.com/DailyFeats/slfus-client-onboard/pull/6217	2024-09-17T13:16:05.000Z	2024-09-17T19:01:40.000Z
"feat: PX-2988 Benefits Explorer - Chat Text Update"	https://github.com/DailyFeats/slfus-client-onboard/pull/6220	2024-09-17T15:30:16.000Z	2024-09-17T17:08:11.000Z
"feat: PX-3003: Update primary color variables in custom theme for benefits explorer"	https://github.com/DailyFeats/slfus-client-onboard/pull/6218	2024-09-17T15:01:07.000Z	2024-09-17T15:51:51.000Z
"fix: TB-6670 - Fix Benefit Types dropdown in enrollment resources"	https://github.com/DailyFeats/slfus-client-onboard/pull/6219	2024-09-17T15:03:08.000Z	2024-09-17T15:34:30.000Z
"feat: FLAMP-3829 Send Onboard Emails to CRE if the field contains email"	https://github.com/DailyFeats/slfus-client-onboard/pull/6196	2024-09-12T16:58:07.000Z	2024-09-17T14:48:21.000Z
"fix: TB-6658: Accessibility: View more button does not function with keyboard"	https://github.com/DailyFeats/slfus-client-onboard/pull/6213	2024-09-16T16:54:47.000Z	2024-09-16T23:53:00.000Z
"feat: TB-6525: PFML API: Documents tab"	https://github.com/DailyFeats/slfus-client-onboard/pull/6216	2024-09-16T20:29:49.000Z	2024-09-16T21:55:56.000Z
"fix: TFI-2119 | Allow Clover Access to Production Documents Bucket"	https://github.com/DailyFeats/slfus-client-onboard/pull/6214	2024-09-16T19:23:16.000Z	2024-09-16T20:45:05.000Z
"feat: PX-3008 Change interstitial ring color to primary-400"	https://github.com/DailyFeats/slfus-client-onboard/pull/6215	2024-09-16T19:37:23.000Z	2024-09-16T20:24:34.000Z
"fix: TB-6668: Add Claim Submitter question to Bill Summary section"	https://github.com/DailyFeats/slfus-client-onboard/pull/6211	2024-09-16T15:22:29.000Z	2024-09-16T17:35:12.000Z
"fix: Update Clover User ARN"	https://github.com/DailyFeats/slfus-client-onboard/pull/6212	2024-09-16T15:28:41.000Z	2024-09-16T17:11:28.000Z
"feat: PC-3010 Benefits Explorer - Updating Nav Colors for Custom Branding"	https://github.com/DailyFeats/slfus-client-onboard/pull/6206	2024-09-13T17:56:51.000Z	2024-09-16T16:51:10.000Z
"feat: TB-6634 - [a11y] SlobDropdown (part 2)"	https://github.com/DailyFeats/slfus-client-onboard/pull/6210	2024-09-16T15:17:46.000Z	2024-09-16T15:46:19.000Z
"fix: TB-6657 - fix a11y issues with client error type filter"	https://github.com/DailyFeats/slfus-client-onboard/pull/6208	2024-09-13T19:22:25.000Z	2024-09-16T15:02:53.000Z